,From_country,To_country,Value
394,Andorra,Australia,98.908
395,Andorra,Austria,1431.9779999999998
399,Andorra,Belgium,368.382
404,Andorra,Bulgaria,22.904
416,Andorra,Croatia,29.755
417,Andorra,Cyprus,1.105
419,Andorra,Denmark,126.794
424,Andorra,Estonia,19.786
426,Andorra,Finland,597.11
427,Andorra,France,18951.486
431,Andorra,Germany,1881.315
434,Andorra,Greece,708.705
440,Andorra,Hungary,10.587
444,Andorra,Ireland,96.75500000000001
445,Andorra,Israel,228.40800000000002
446,Andorra,Italy,2242.853
453,Andorra,Latvia,1.131
454,Andorra,Lithuania,57.977000000000004
455,Andorra,Luxembourg,90.32900000000001
459,Andorra,Malta,16.499000000000002
467,Andorra,Morocco,66.581
475,Andorra,Norway,5324.934
481,Andorra,Poland,1613.9620000000002
482,Andorra,Portugal,231.217
484,Andorra,Romania,63.760000000000005
494,Andorra,Slovakia,148.838
496,Andorra,Slovenia,199.04500000000002
498,Andorra,Spain,57244.524
501,Andorra,Sweden,56.553
502,Andorra,Switzerland,896.3199999999999
506,Andorra,Turkey,98.145
507,Andorra,Ukraine,2.674
510,Andorra,United Kingdom,550.143
848,Australia,Andorra,54.868
853,Australia,Austria,106781.387
859,Australia,Belgium,936102.6599999999
870,Australia,Bulgaria,18157.394
890,Australia,Croatia,5401.222
892,Australia,Cyprus,5870.138
895,Australia,Denmark,219504.479
903,Australia,Estonia,10321.481
906,Australia,Finland,84852.849
907,Australia,France,1283461.2380000001
913,Australia,Germany,2398999.81
917,Australia,Greece,20045.425
927,Australia,Hungary,61128.475999999995
932,Australia,Ireland,100849.872
933,Australia,Israel,171916.963
934,Australia,Italy,679914.733
947,Australia,Latvia,5960.76
950,Australia,Lithuania,6191.935
951,Australia,Luxembourg,15979.672
958,Australia,Malta,7947.42
967,Australia,Morocco,45329.868
983,Australia,Norway,121582.485
995,Australia,Poland,478066.7810000001
996,Australia,Portugal,46543.231999999996
999,Australia,Romania,64675.859000000004
1014,Australia,Slovakia,7337.789
1016,Australia,Slovenia,101765.454
1020,Australia,Spain,676459.132
1025,Australia,Sweden,298701.482
1026,Australia,Switzerland,1683570.954
1035,Australia,Turkey,2897167.4129999997
1040,Australia,Ukraine,49254.34099999999
1043,Australia,United Kingdom,4892294.316
1058,Austria,Andorra,7898.8820000000005
1063,Austria,Australia,1333528.281
1069,Austria,Belgium,1963155.774
1080,Austria,Bulgaria,773044.565
1100,Austria,Croatia,1846263.266
1102,Austria,Cyprus,59776.675
1105,Austria,Denmark,837247.801
1113,Austria,Estonia,164430.302
1116,Austria,Finland,681499.377
1117,Austria,France,7733497.501
1124,Austria,Germany,44881818.377
1127,Austria,Greece,533658.457
1137,Austria,Hungary,5888842.499
1142,Austria,Ireland,355303.122
1143,Austria,Israel,551109.69
1144,Austria,Italy,9977338.038
1158,Austria,Latvia,146651.142
1161,Austria,Lithuania,333907.239
1162,Austria,Luxembourg,180843.093
1169,Austria,Malta,48164.24
1178,Austria,Morocco,208477.495
1195,Austria,Norway,607863.058
1205,Austria,Poland,4676613.347
1206,Austria,Portugal,472531.642
1210,Austria,Romania,2651960.997
1227,Austria,Slovakia,3217528.72
1229,Austria,Slovenia,3078838.538
1233,Austria,Spain,2648100.326
1238,Austria,Sweden,1863692.5
1239,Austria,Switzerland,8045943.413
1248,Austria,Turkey,1546650.94
1253,Austria,Ukraine,498993.957
1256,Austria,United Kingdom,4519938.081
1824,Belgium,Andorra,10402.678
1829,Belgium,Australia,1630393.776
1830,Belgium,Austria,2560949.824
1847,Belgium,Bulgaria,697671.814
1868,Belgium,Croatia,528473.147
1870,Belgium,Cyprus,230755.86800000002
1873,Belgium,Denmark,2802876.956
1881,Belgium,Estonia,297257.447
1884,Belgium,Finland,1420422.295
1885,Belgium,France,42673882.908
1893,Belgium,Germany,44090573.226
1897,Belgium,Greece,1821954.395
1907,Belgium,Hungary,2060680.561
1912,Belgium,Ireland,1803488.299
1913,Belgium,Israel,3854361.341
1914,Belgium,Italy,19402786.495
1928,Belgium,Latvia,295472.616
1931,Belgium,Lithuania,965857.225
1932,Belgium,Luxembourg,5546434.928
1939,Belgium,Malta,119274.807
1948,Belgium,Morocco,685500.529
1966,Belgium,Norway,1372929.289
1976,Belgium,Poland,6397029.286
1977,Belgium,Portugal,2147423.584
1981,Belgium,Romania,1886945.817
2000,Belgium,Slovakia,947576.52
2002,Belgium,Slovenia,573387.278
2006,Belgium,Spain,8629439.218
2011,Belgium,Sweden,6690661.456
2012,Belgium,Switzerland,5471064.792
2022,Belgium,Turkey,3895445.675
2026,Belgium,Ukraine,503660.18200000003
2029,Belgium,United Kingdom,30501675.606
3094,Bulgaria,Andorra,715.644
3099,Bulgaria,Australia,53618.187
3100,Bulgaria,Austria,612021.0819999999
3106,Bulgaria,Belgium,1312175.873
3135,Bulgaria,Croatia,159663.643
3137,Bulgaria,Cyprus,88864.465
3140,Bulgaria,Denmark,189272.737
3148,Bulgaria,Estonia,28299.702
3150,Bulgaria,Finland,65732.342
3151,Bulgaria,France,1332491.249
3159,Bulgaria,Germany,4448401.871
3162,Bulgaria,Greece,1831499.183
3171,Bulgaria,Hungary,486624.839
3176,Bulgaria,Ireland,61821.35
3177,Bulgaria,Israel,121709.264
3178,Bulgaria,Italy,2522499.345
3192,Bulgaria,Latvia,44511.583
3195,Bulgaria,Lithuania,86869.529
3196,Bulgaria,Luxembourg,15136.111
3203,Bulgaria,Malta,22555.651
3211,Bulgaria,Morocco,106970.316
3226,Bulgaria,Norway,81368.81
3234,Bulgaria,Poland,745464.846
3235,Bulgaria,Portugal,147415.355
3239,Bulgaria,Romania,2189617.834
3254,Bulgaria,Slovakia,262572.892
3256,Bulgaria,Slovenia,251274.454
3260,Bulgaria,Spain,870825.593
3265,Bulgaria,Sweden,245126.954
3266,Bulgaria,Switzerland,300938.8
3274,Bulgaria,Turkey,2886050.217
3277,Bulgaria,Ukraine,170107.544
3280,Bulgaria,United Kingdom,755563.622
5709,Croatia,Andorra,141.058
5713,Croatia,Australia,33758.559
5714,Croatia,Austria,951898.622
5720,Croatia,Belgium,286148.083
5729,Croatia,Bulgaria,99936.547
5747,Croatia,Cyprus,50874.503
5750,Croatia,Denmark,62729.578
5756,Croatia,Estonia,16838.202
5758,Croatia,Finland,43041.918999999994
5759,Croatia,France,382156.377
5765,Croatia,Germany,1907918.759
5768,Croatia,Greece,77266.8
5775,Croatia,Hungary,613628.299
5780,Croatia,Ireland,48344.867
5781,Croatia,Israel,60869.646
5782,Croatia,Italy,1859396.151
5795,Croatia,Latvia,15739.368999999999
5798,Croatia,Lithuania,26307.068
5799,Croatia,Luxembourg,44860.279
5805,Croatia,Malta,107037.485
5813,Croatia,Morocco,97239.16100000001
5828,Croatia,Norway,102397.725
5837,Croatia,Poland,222813.857
5838,Croatia,Portugal,75049.85399999999
5840,Croatia,Romania,179595.229
5854,Croatia,Slovakia,185083.709
5856,Croatia,Slovenia,1584293.743
5860,Croatia,Spain,225622.807
5864,Croatia,Sweden,139418.097
5865,Croatia,Switzerland,203108.524
5873,Croatia,Turkey,218726.781
5876,Croatia,Ukraine,32614.929
5879,Croatia,United Kingdom,240976.137
5988,Cyprus,Andorra,7.302999999999999
5993,Cyprus,Australia,24014.673
5994,Cyprus,Austria,23571.742000000002
6000,Cyprus,Belgium,79340.815
6009,Cyprus,Bulgaria,134120.125
6027,Cyprus,Croatia,9102.23
6031,Cyprus,Denmark,18045.798
6039,Cyprus,Estonia,7053.547
6041,Cyprus,Finland,6002.756
6042,Cyprus,France,47411.75
6049,Cyprus,Germany,167184.296
6052,Cyprus,Greece,421746.436
6061,Cyprus,Hungary,37710.280999999995
6066,Cyprus,Ireland,5941.344
6067,Cyprus,Israel,362818.509
6068,Cyprus,Italy,108070.606
6082,Cyprus,Latvia,12078.654
6085,Cyprus,Lithuania,29166.348
6086,Cyprus,Luxembourg,4369.162
6093,Cyprus,Malta,47633.566
6101,Cyprus,Morocco,2716.264
6116,Cyprus,Norway,223776.41
6124,Cyprus,Poland,83499.0
6125,Cyprus,Portugal,8041.071
6128,Cyprus,Romania,45227.849
6143,Cyprus,Slovakia,52267.995
6145,Cyprus,Slovenia,2969.196
6149,Cyprus,Spain,61580.723
6154,Cyprus,Sweden,54302.109000000004
6155,Cyprus,Switzerland,93991.28
6162,Cyprus,Turkey,93379.21800000001
6165,Cyprus,Ukraine,9947.071
6168,Cyprus,United Kingdom,251358.65
6459,Denmark,Andorra,2063.013
6464,Denmark,Australia,1090157.414
6465,Denmark,Austria,727286.425
6471,Denmark,Belgium,1564145.325
6483,Denmark,Bulgaria,162150.387
6503,Denmark,Croatia,231716.406
6505,Denmark,Cyprus,70743.685
6515,Denmark,Estonia,295475.056
6518,Denmark,Finland,2028296.541
6519,Denmark,France,3232310.226
6527,Denmark,Germany,13322554.805
6531,Denmark,Greece,618974.325
6541,Denmark,Hungary,648800.82
6546,Denmark,Ireland,744600.928
6547,Denmark,Israel,290991.116
6548,Denmark,Italy,2735864.796
6562,Denmark,Latvia,370603.433
6565,Denmark,Lithuania,510671.125
6566,Denmark,Luxembourg,72406.235
6573,Denmark,Malta,56024.97
6581,Denmark,Morocco,230133.585
6597,Denmark,Norway,5174379.253
6608,Denmark,Poland,2876860.789
6609,Denmark,Portugal,373948.935
6613,Denmark,Romania,362827.929
6632,Denmark,Slovakia,329224.508
6634,Denmark,Slovenia,113085.076
6638,Denmark,Spain,2118751.548
6643,Denmark,Sweden,10170831.754
6644,Denmark,Switzerland,790763.195
6654,Denmark,Turkey,898462.456
6657,Denmark,Ukraine,240588.40899999999
6660,Denmark,United Kingdom,7073547.4
7417,Estonia,Andorra,19.154
7422,Estonia,Australia,82817.505
7423,Estonia,Austria,67688.523
7429,Estonia,Belgium,261698.423
7438,Estonia,Bulgaria,44965.637
7454,Estonia,Croatia,5403.7699999999995
7456,Estonia,Cyprus,42475.856
7459,Estonia,Denmark,426673.288
7466,Estonia,Finland,2044583.001
7467,Estonia,France,384142.535
7473,Estonia,Germany,1011953.099
7476,Estonia,Greece,18646.488
7484,Estonia,Hungary,60355.891
7489,Estonia,Ireland,19083.811
7490,Estonia,Israel,21017.695
7491,Estonia,Italy,152471.125
7504,Estonia,Latvia,1283913.086
7507,Estonia,Lithuania,946341.365
7508,Estonia,Luxembourg,2712.519
7515,Estonia,Malta,1984.865
7523,Estonia,Morocco,36849.96
7538,Estonia,Norway,681200.218
7547,Estonia,Poland,311274.512
7548,Estonia,Portugal,35458.459
7551,Estonia,Romania,176787.003
7563,Estonia,Slovakia,49790.956
7565,Estonia,Slovenia,15518.688
7568,Estonia,Spain,139220.057
7572,Estonia,Sweden,1762315.677
7573,Estonia,Switzerland,122389.717
7581,Estonia,Turkey,283017.768
7584,Estonia,Ukraine,157431.235
7587,Estonia,United Kingdom,349480.19
7773,Finland,Andorra,928.987
7778,Finland,Australia,747111.865
7779,Finland,Austria,508998.922
7785,Finland,Belgium,2043229.869
7796,Finland,Bulgaria,80655.402
7816,Finland,Croatia,38835.595
7818,Finland,Cyprus,401850.593
7821,Finland,Denmark,1215217.047
7829,Finland,Estonia,1918370.416
7832,Finland,France,2565428.435
7840,Finland,Germany,9579902.897
7844,Finland,Greece,161199.35
7854,Finland,Hungary,307732.262
7859,Finland,Ireland,343228.832
7860,Finland,Israel,284957.571
7861,Finland,Italy,1687609.426
7875,Finland,Latvia,666372.791
7878,Finland,Lithuania,728446.416
7879,Finland,Luxembourg,47105.939
7886,Finland,Malta,91423.39300000001
7894,Finland,Morocco,248269.452
7910,Finland,Norway,1768951.356
7920,Finland,Poland,1915004.815
7921,Finland,Portugal,222057.482
7925,Finland,Romania,197337.928
7939,Finland,Slovakia,183824.39
7941,Finland,Slovenia,94932.81
7945,Finland,Spain,1238441.752
7950,Finland,Sweden,6767031.654
7951,Finland,Switzerland,1075129.3260000001
7959,Finland,Turkey,949506.824
7964,Finland,Ukraine,208279.948
7967,Finland,United Kingdom,3296120.425
7980,France,Andorra,208927.728
7985,France,Australia,3436289.726
7986,France,Austria,4387015.86
7992,France,Belgium,34270826.162
8004,France,Bulgaria,954298.867
8025,France,Croatia,601699.304
8027,France,Cyprus,319854.361
8030,France,Denmark,3279423.154
8038,France,Estonia,404883.56
8041,France,Finland,2378282.128
8049,France,Germany,72361757.088
8053,France,Greece,2332656.517
8063,France,Hungary,3968235.739
8068,France,Ireland,3469252.238
8069,France,Israel,1861291.642
8070,France,Italy,39778784.277
8084,France,Latvia,307437.76900000003
8087,France,Lithuania,1019972.523
8088,France,Luxembourg,2711054.568
8095,France,Malta,615177.519
8104,France,Morocco,5160251.423
8122,France,Norway,2295550.726
8134,France,Poland,10078825.087
8135,France,Portugal,5670894.426
8139,France,Romania,4462117.113
8158,France,Slovakia,3113128.733
8160,France,Slovenia,1288870.481
8164,France,Spain,38547118.233
8169,France,Sweden,5838999.982
8170,France,Switzerland,17146051.448
8180,France,Turkey,7860934.22
8184,France,Ukraine,936102.154
8187,France,United Kingdom,36275554.208
8688,Germany,Andorra,51308.996
8693,Germany,Australia,10814468.037
8694,Germany,Austria,66042685.763
8700,Germany,Belgium,49337238.656
8711,Germany,Bulgaria,3945466.539
8731,Germany,Croatia,3905181.522
8733,Germany,Cyprus,653731.42
8736,Germany,Denmark,19974543.995
8744,Germany,Estonia,1901312.367
8747,Germany,Finland,11814004.472
8748,Germany,France,114257207.097
8759,Germany,Greece,5898423.953
8769,Germany,Hungary,26655857.375
8774,Germany,Ireland,8472145.783
8775,Germany,Israel,4837972.642
8776,Germany,Italy,73577725.721
8790,Germany,Latvia,1793741.057
8793,Germany,Lithuania,3649668.51
8794,Germany,Luxembourg,6073309.065
8801,Germany,Malta,640779.735
8810,Germany,Morocco,2734949.296
8827,Germany,Norway,9826365.846
8839,Germany,Poland,62770458.776
8840,Germany,Portugal,10161975.836
8844,Germany,Romania,16468301.938
8863,Germany,Slovakia,14793264.686
8865,Germany,Slovenia,5703547.534
8869,Germany,Spain,48336471.253
8874,Germany,Sweden,29108103.382
8875,Germany,Switzerland,59579801.532
8885,Germany,Turkey,23926544.417
8889,Germany,Ukraine,5015976.405
8892,Germany,United Kingdom,92777690.348
9106,Greece,Andorra,669.3580000000001
9111,Greece,Australia,188710.192
9112,Greece,Austria,304310.973
9118,Greece,Belgium,405867.222
9130,Greece,Bulgaria,1391907.612
9150,Greece,Croatia,107097.85
9152,Greece,Cyprus,1781672.29
9155,Greece,Denmark,202853.409
9163,Greece,Estonia,24469.07
9166,Greece,Finland,86961.406
9167,Greece,France,860262.032
9175,Greece,Germany,2172416.805
9187,Greece,Hungary,132550.492
9192,Greece,Ireland,145962.424
9193,Greece,Israel,434692.075
9194,Greece,Italy,3045940.627
9207,Greece,Latvia,21329.673
9210,Greece,Lithuania,68451.998
9211,Greece,Luxembourg,26150.371
9218,Greece,Malta,195960.635
9227,Greece,Morocco,109331.60100000001
9243,Greece,Norway,92313.585
9255,Greece,Poland,555124.18
9256,Greece,Portugal,165013.798
9258,Greece,Romania,968665.168
9276,Greece,Slovakia,118581.64
9278,Greece,Slovenia,222475.199
9282,Greece,Spain,732954.4550000001
9287,Greece,Sweden,205866.43
9288,Greece,Switzerland,182975.632
9296,Greece,Turkey,2086355.465
9301,Greece,Ukraine,140899.407
9304,Greece,United Kingdom,1239377.402
10207,Hungary,Andorra,531.811
10212,Hungary,Australia,514251.896
10213,Hungary,Austria,5013804.017
10219,Hungary,Belgium,2066687.699
10229,Hungary,Bulgaria,1185197.769
10248,Hungary,Croatia,1821761.726
10250,Hungary,Cyprus,51352.811
10253,Hungary,Denmark,822571.57
10261,Hungary,Estonia,173910.637
10263,Hungary,Finland,435301.377
10264,Hungary,France,4894081.305
10272,Hungary,Germany,29331284.496
10275,Hungary,Greece,487317.994
10289,Hungary,Ireland,197721.688
10290,Hungary,Israel,308471.685
10291,Hungary,Italy,5873760.714
10304,Hungary,Latvia,185935.373
10307,Hungary,Lithuania,267190.485
10308,Hungary,Luxembourg,94651.90699999999
10315,Hungary,Malta,16715.644
10324,Hungary,Morocco,253758.892
10339,Hungary,Norway,306684.222
10347,Hungary,Poland,4363475.715
10348,Hungary,Portugal,470661.007
10352,Hungary,Romania,5945883.8040000005
10370,Hungary,Slovakia,4951538.133
10372,Hungary,Slovenia,1036783.434
10376,Hungary,Spain,3118429.124
10380,Hungary,Sweden,1569692.665
10381,Hungary,Switzerland,1100910.687
10389,Hungary,Turkey,1894003.08
10393,Hungary,Ukraine,1930426.881
10396,Hungary,United Kingdom,3874612.875
10993,Ireland,Andorra,528.346
10998,Ireland,Australia,1411522.01
10999,Ireland,Austria,628799.054
11005,Ireland,Belgium,14398182.865999999
11014,Ireland,Bulgaria,133259.943
11034,Ireland,Croatia,69600.769
11036,Ireland,Cyprus,31339.667
11039,Ireland,Denmark,1034640.789
11047,Ireland,Estonia,51727.211
11049,Ireland,Finland,498226.887
11050,Ireland,France,7365978.216
11058,Ireland,Germany,14073640.172
11061,Ireland,Greece,456146.729
11071,Ireland,Hungary,536879.161
11076,Ireland,Israel,745118.788
11077,Ireland,Italy,4177622.693
11090,Ireland,Latvia,125214.551
11093,Ireland,Lithuania,146950.027
11094,Ireland,Luxembourg,152714.233
11101,Ireland,Malta,37257.575
11110,Ireland,Morocco,184391.502
11125,Ireland,Norway,716080.572
11134,Ireland,Poland,1584494.578
11135,Ireland,Portugal,587290.607
11139,Ireland,Romania,425216.528
11156,Ireland,Slovakia,215454.64
11158,Ireland,Slovenia,149353.462
11162,Ireland,Spain,3325007.326
11167,Ireland,Sweden,1414590.573
11168,Ireland,Switzerland,7735147.93
11177,Ireland,Turkey,996053.968
11181,Ireland,Ukraine,49878.596999999994
11184,Ireland,United Kingdom,18530489.45
11196,Israel,Andorra,314.356
11201,Israel,Australia,723877.28
11202,Israel,Austria,170727.26
11207,Israel,Belgium,1598213.763
11218,Israel,Bulgaria,62255.835
11237,Israel,Croatia,19219.127
11239,Israel,Cyprus,366209.23000000004
11242,Israel,Denmark,96421.412
11249,Israel,Estonia,13153.154
11252,Israel,Finland,85695.863
11253,Israel,France,1703953.568
11259,Israel,Germany,1897938.694
11263,Israel,Greece,615143.774
11273,Israel,Hungary,202543.017
11276,Israel,Ireland,74960.681
11277,Israel,Italy,1051507.344
11288,Israel,Latvia,24463.609
11290,Israel,Lithuania,39360.186
11291,Israel,Luxembourg,17206.062
11298,Israel,Malta,117104.643
11306,Israel,Morocco,2490.0
11319,Israel,Norway,99476.951
11328,Israel,Poland,375087.454
11329,Israel,Portugal,106620.354
11331,Israel,Romania,158084.55
11345,Israel,Slovakia,54790.987
11347,Israel,Slovenia,174265.882
11351,Israel,Spain,804759.219
11354,Israel,Sweden,158894.118
11355,Israel,Switzerland,845216.44
11362,Israel,Turkey,1592028.3
11367,Israel,Ukraine,121040.0
11370,Israel,United Kingdom,2039706.013
11383,Italy,Andorra,42601.551
11388,Italy,Australia,4775859.811
11389,Italy,Austria,10860646.677
11395,Italy,Belgium,14574813.015
11406,Italy,Bulgaria,2281693.983
11427,Italy,Croatia,3155574.757
11429,Italy,Cyprus,772220.486
11432,Italy,Denmark,3397182.643
11440,Italy,Estonia,516704.319
11443,Italy,Finland,1788853.841
11444,Italy,France,50619302.574
11452,Italy,Germany,62085117.929
11456,Italy,Greece,4461719.276
11466,Italy,Hungary,5273071.508
11471,Italy,Ireland,2592346.344
11472,Italy,Israel,3015143.904
11486,Italy,Latvia,507709.665
11489,Italy,Lithuania,1323409.235
11490,Italy,Luxembourg,627643.329
11497,Italy,Malta,1823985.757
11506,Italy,Morocco,2428142.913
11525,Italy,Norway,2107207.275
11537,Italy,Poland,13962362.013
11538,Italy,Portugal,4429721.195
11542,Italy,Romania,8132606.848
11561,Italy,Slovakia,3311680.951
11563,Italy,Slovenia,4766573.294
11567,Italy,Spain,25482986.577
11572,Italy,Sweden,4996827.462
11573,Italy,Switzerland,21313798.774
11583,Italy,Turkey,12225286.885
11588,Italy,Ukraine,1561837.303
11591,Italy,United Kingdom,25915330.97
13329,Latvia,Andorra,257.017
13334,Latvia,Australia,20222.354
13335,Latvia,Austria,59087.871
13341,Latvia,Belgium,204632.49
13350,Latvia,Bulgaria,47274.42
13368,Latvia,Croatia,13440.780999999999
13370,Latvia,Cyprus,11985.911
13373,Latvia,Denmark,526612.464
13381,Latvia,Estonia,1190267.922
13384,Latvia,Finland,263288.824
13385,Latvia,France,224376.412
13393,Latvia,Germany,955634.392
13396,Latvia,Greece,16671.725
13406,Latvia,Hungary,40760.69
13411,Latvia,Ireland,59573.7
13412,Latvia,Israel,55408.31
13413,Latvia,Italy,169996.196
13427,Latvia,Lithuania,2221101.228
13428,Latvia,Luxembourg,12890.006
13435,Latvia,Malta,10650.235999999999
13443,Latvia,Morocco,6608.634
13458,Latvia,Norway,363966.249
13467,Latvia,Poland,565508.53
13468,Latvia,Portugal,19085.995
13471,Latvia,Romania,24659.657
13487,Latvia,Slovakia,65225.9
13489,Latvia,Slovenia,14322.721
13493,Latvia,Spain,176283.617
13498,Latvia,Sweden,689442.852
13499,Latvia,Switzerland,48686.596
13507,Latvia,Turkey,153740.068
13510,Latvia,Ukraine,131122.245
13513,Latvia,United Kingdom,827260.802
13658,Lithuania,Andorra,593.865
13663,Lithuania,Australia,56660.245
13664,Lithuania,Austria,168517.07200000001
13670,Lithuania,Belgium,570042.786
13679,Lithuania,Bulgaria,65943.928
13697,Lithuania,Croatia,35304.939
13699,Lithuania,Cyprus,12260.369
13702,Lithuania,Denmark,662785.603
13709,Lithuania,Estonia,1148651.094
13711,Lithuania,Finland,492343.153
13712,Lithuania,France,768358.483
13719,Lithuania,Germany,1973773.83
13722,Lithuania,Greece,37816.723
13732,Lithuania,Hungary,178173.581
13737,Lithuania,Ireland,99001.938
13738,Lithuania,Israel,67780.905
13739,Lithuania,Italy,610278.549
13752,Lithuania,Latvia,2810876.414
13755,Lithuania,Luxembourg,20553.042
13762,Lithuania,Malta,5523.374
13770,Lithuania,Morocco,79157.642
13785,Lithuania,Norway,939640.601
13793,Lithuania,Poland,2008331.673
13794,Lithuania,Portugal,89391.93000000001
13798,Lithuania,Romania,99738.038
13813,Lithuania,Slovakia,112380.656
13815,Lithuania,Slovenia,46862.032
13819,Lithuania,Spain,380157.80700000003
13824,Lithuania,Sweden,1352951.237
13825,Lithuania,Switzerland,182895.616
13833,Lithuania,Turkey,486935.962
13836,Lithuania,Ukraine,837834.318
13839,Lithuania,United Kingdom,1038527.669
13851,Luxembourg,Andorra,1814.2269999999999
13856,Luxembourg,Australia,31097.676
13857,Luxembourg,Austria,379414.565
13863,Luxembourg,Belgium,2506096.5810000002
13874,Luxembourg,Bulgaria,107986.70999999999
13893,Luxembourg,Croatia,16524.082
13895,Luxembourg,Cyprus,9572.072
13898,Luxembourg,Denmark,173517.738
13905,Luxembourg,Estonia,11432.872
13907,Luxembourg,Finland,89393.581
13908,Luxembourg,France,1977294.976
13915,Luxembourg,Germany,3416152.735
13919,Luxembourg,Greece,72931.728
13928,Luxembourg,Hungary,93769.559
13933,Luxembourg,Ireland,63622.988
13934,Luxembourg,Israel,174826.723
13935,Luxembourg,Italy,711844.135
13948,Luxembourg,Latvia,18785.045
13951,Luxembourg,Lithuania,34844.582
13958,Luxembourg,Malta,2832.4610000000002
13966,Luxembourg,Morocco,20029.53
13979,Luxembourg,Norway,77660.151
13986,Luxembourg,Poland,450725.457
13987,Luxembourg,Portugal,116783.952
13991,Luxembourg,Romania,152129.35499999998
14006,Luxembourg,Slovakia,109342.466
14008,Luxembourg,Slovenia,47243.248999999996
14011,Luxembourg,Spain,525438.957
14015,Luxembourg,Sweden,321989.209
14016,Luxembourg,Switzerland,707465.305
14025,Luxembourg,Turkey,145915.744
14029,Luxembourg,Ukraine,13408.326
14032,Luxembourg,United Kingdom,541789.77
14760,Malta,Andorra,59.16400000000001
14765,Malta,Australia,14378.798
14766,Malta,Austria,24435.979
14772,Malta,Belgium,53458.547
14782,Malta,Bulgaria,40939.527
14800,Malta,Croatia,11995.053
14801,Malta,Cyprus,72097.808
14804,Malta,Denmark,15682.42
14810,Malta,Estonia,662.63
14812,Malta,Finland,9323.384
14813,Malta,France,252632.834
14821,Malta,Germany,393593.348
14824,Malta,Greece,27591.933
14832,Malta,Hungary,16170.198
14837,Malta,Ireland,10342.15
14838,Malta,Israel,32990.889
14839,Malta,Italy,512391.192
14850,Malta,Latvia,1075.85
14853,Malta,Lithuania,3428.177
14854,Malta,Luxembourg,1481.2160000000001
14868,Malta,Morocco,12665.916
14880,Malta,Norway,9126.975
14887,Malta,Poland,47018.091
14888,Malta,Portugal,24721.408
14891,Malta,Romania,46130.914000000004
14902,Malta,Slovakia,7179.203
14904,Malta,Slovenia,8958.064
14908,Malta,Spain,72359.174
14912,Malta,Sweden,28384.561
14913,Malta,Switzerland,39933.93
14920,Malta,Turkey,68971.187
14924,Malta,Ukraine,145.041
14927,Malta,United Kingdom,180443.057
15819,Morocco,Andorra,2315.285
15824,Morocco,Australia,52389.651
15825,Morocco,Austria,234548.453
15831,Morocco,Belgium,334533.438
15839,Morocco,Bulgaria,157051.086
15857,Morocco,Croatia,21774.325
15859,Morocco,Cyprus,2681.387
15862,Morocco,Denmark,41208.255000000005
15869,Morocco,Estonia,11030.710000000001
15871,Morocco,Finland,31101.03
15872,Morocco,France,5817142.127
15879,Morocco,Germany,1214128.633
15882,Morocco,Greece,143801.91999999998
15892,Morocco,Hungary,47767.925
15897,Morocco,Ireland,97873.616
15898,Morocco,Israel,15192.156
15899,Morocco,Italy,1181163.062
15911,Morocco,Latvia,3622.517
15914,Morocco,Lithuania,6993.536
15915,Morocco,Luxembourg,14730.218
15922,Morocco,Malta,18101.323
15940,Morocco,Norway,117847.233
15946,Morocco,Poland,435910.062
15947,Morocco,Portugal,257436.251
15950,Morocco,Romania,248357.97
15963,Morocco,Slovakia,98872.166
15965,Morocco,Slovenia,48254.318
15969,Morocco,Spain,7069004.415
15973,Morocco,Sweden,183427.62
15974,Morocco,Switzerland,278451.743
15981,Morocco,Turkey,1148617.594
15983,Morocco,Ukraine,24334.399
15986,Morocco,United Kingdom,882155.414
17653,Norway,Andorra,269.922
17658,Norway,Australia,276021.825
17659,Norway,Austria,337335.594
17665,Norway,Belgium,4732052.152
17675,Norway,Bulgaria,38369.76
17695,Norway,Croatia,30459.709
17697,Norway,Cyprus,135951.653
17700,Norway,Denmark,4642042.211
17708,Norway,Estonia,194210.565
17711,Norway,Finland,1640164.691
17712,Norway,France,7193518.197
17718,Norway,Germany,16377521.712000001
17721,Norway,Greece,138220.584
17731,Norway,Hungary,68918.648
17736,Norway,Ireland,1216429.168
17737,Norway,Israel,197679.321
17738,Norway,Italy,1439542.419
17751,Norway,Latvia,81862.376
17754,Norway,Lithuania,617571.09
17755,Norway,Luxembourg,50154.358
17762,Norway,Malta,46031.433
17770,Norway,Morocco,135265.782
17794,Norway,Poland,2516113.426
17795,Norway,Portugal,593009.8269999999
17799,Norway,Romania,94608.177
17815,Norway,Slovakia,65293.712
17817,Norway,Slovenia,33307.246
17821,Norway,Spain,2758066.8570000003
17826,Norway,Sweden,8555085.871
17827,Norway,Switzerland,458423.811
17837,Norway,Turkey,978230.7289999999
17840,Norway,Ukraine,156494.052
17843,Norway,United Kingdom,22201599.633
18888,Poland,Andorra,6767.4130000000005
18893,Poland,Australia,907674.5009999999
18894,Poland,Austria,4468759.796
18900,Poland,Belgium,4913519.626
18912,Poland,Bulgaria,1256549.052
18932,Poland,Croatia,865270.423
18934,Poland,Cyprus,131458.414
18937,Poland,Denmark,3846150.735
18945,Poland,Estonia,1141405.866
18948,Poland,Finland,1920674.865
18949,Poland,France,12327082.637
18957,Poland,Germany,57479900.003
18961,Poland,Greece,881590.214
18971,Poland,Hungary,5649428.99
18976,Poland,Ireland,896769.276
18977,Poland,Israel,572961.304
18978,Poland,Italy,11031116.299
18992,Poland,Latvia,1423899.204
18995,Poland,Lithuania,3201579.65
18996,Poland,Luxembourg,413769.43
19003,Poland,Malta,40073.934
19012,Poland,Morocco,349158.793
19028,Poland,Norway,2911336.186
19039,Poland,Portugal,996711.479
19043,Poland,Romania,4372876.168
19061,Poland,Slovakia,5511350.886
19063,Poland,Slovenia,924783.207
19067,Poland,Spain,6119418.641
19072,Poland,Sweden,5973745.333
19073,Poland,Switzerland,2412056.375
19082,Poland,Turkey,3578791.218
19087,Poland,Ukraine,4609924.093
19090,Poland,United Kingdom,14106876.559
19104,Portugal,Andorra,14738.251999999999
19109,Portugal,Australia,210390.658
19110,Portugal,Austria,561765.999
19116,Portugal,Belgium,1421318.052
19125,Portugal,Bulgaria,88137.212
19144,Portugal,Croatia,38810.544
19146,Portugal,Cyprus,36320.269
19149,Portugal,Denmark,415154.433
19157,Portugal,Estonia,35115.557
19159,Portugal,Finland,302854.84
19160,Portugal,France,7326504.084
19168,Portugal,Germany,6626012.537
19171,Portugal,Greece,154703.744
19181,Portugal,Hungary,224265.311
19186,Portugal,Ireland,379497.461
19187,Portugal,Israel,229246.975
19188,Portugal,Italy,2083914.04
19202,Portugal,Latvia,32629.146
19205,Portugal,Lithuania,57356.388
19206,Portugal,Luxembourg,121145.832
19213,Portugal,Malta,28653.368
19221,Portugal,Morocco,1225093.362
19237,Portugal,Norway,288514.699
19247,Portugal,Poland,785005.676
19251,Portugal,Romania,441925.703
19268,Portugal,Slovakia,354898.533
19270,Portugal,Slovenia,119521.11899999999
19274,Portugal,Spain,13708890.423
19279,Portugal,Sweden,535693.732
19280,Portugal,Switzerland,905604.343
19288,Portugal,Turkey,679426.26
19292,Portugal,Ukraine,35030.62
19295,Portugal,United Kingdom,4132638.851
19491,Romania,Andorra,1391.8410000000001
19496,Romania,Australia,147267.913
19497,Romania,Austria,1663694.893
19503,Romania,Belgium,1300685.616
19513,Romania,Bulgaria,2330701.279
19530,Romania,Croatia,204444.355
19532,Romania,Cyprus,63786.325
19535,Romania,Denmark,291385.714
19541,Romania,Estonia,78955.207
19543,Romania,Finland,263198.927
19544,Romania,France,4496995.899
19551,Romania,Germany,15898369.305
19554,Romania,Greece,980535.172
19564,Romania,Hungary,2959033.186
19569,Romania,Ireland,153653.056
19570,Romania,Israel,330743.226
19571,Romania,Italy,7361802.331
19584,Romania,Latvia,27463.072
19587,Romania,Lithuania,91370.84
19588,Romania,Luxembourg,26004.412
19595,Romania,Malta,21752.635
19604,Romania,Morocco,655029.3099999999
19620,Romania,Norway,420305.308
19630,Romania,Poland,2201519.931
19631,Romania,Portugal,274415.495
19649,Romania,Slovakia,1263028.383
19651,Romania,Slovenia,463191.706
19654,Romania,Spain,2050295.828
19658,Romania,Sweden,517683.752
19659,Romania,Switzerland,666194.38
19667,Romania,Turkey,2580281.524
19671,Romania,Ukraine,545260.5380000001
19674,Romania,United Kingdom,2876750.147
21278,Slovakia,Andorra,210.8
21283,Slovakia,Australia,268559.69
21284,Slovakia,Austria,4598216.261
21290,Slovakia,Belgium,1148789.152
21299,Slovakia,Bulgaria,483544.757
21317,Slovakia,Croatia,488792.575
21319,Slovakia,Cyprus,38377.521
21322,Slovakia,Denmark,609221.508
21329,Slovakia,Estonia,159538.044
21332,Slovakia,Finland,294328.07
21333,Slovakia,France,5232086.533
21341,Slovakia,Germany,16435617.4
21344,Slovakia,Greece,209026.91
21354,Slovakia,Hungary,5185810.348
21359,Slovakia,Ireland,159959.589
21360,Slovakia,Israel,310610.905
21361,Slovakia,Italy,5175543.455
21373,Slovakia,Latvia,179709.017
21376,Slovakia,Lithuania,196062.84900000002
21377,Slovakia,Luxembourg,88474.507
21384,Slovakia,Malta,17258.497
21392,Slovakia,Morocco,190034.756
21408,Slovakia,Norway,412104.284
21416,Slovakia,Poland,5737542.316
21417,Slovakia,Portugal,285965.38
21419,Slovakia,Romania,2034264.007
21434,Slovakia,Slovenia,558842.362
21438,Slovakia,Spain,2649668.661
21443,Slovakia,Sweden,1131982.624
21444,Slovakia,Switzerland,1027091.8960000001
21452,Slovakia,Turkey,908106.07
21455,Slovakia,Ukraine,657329.313
21458,Slovakia,United Kingdom,3841365.27
21572,Slovenia,Andorra,269.166
21577,Slovenia,Australia,141979.22
21578,Slovenia,Austria,2478343.457
21584,Slovenia,Belgium,427460.041
21594,Slovenia,Bulgaria,262548.126
21613,Slovenia,Croatia,2633928.338
21615,Slovenia,Cyprus,38435.651999999995
21618,Slovenia,Denmark,343342.98
21625,Slovenia,Estonia,62686.154
21627,Slovenia,Finland,119358.756
21628,Slovenia,France,1835731.341
21636,Slovenia,Germany,6759902.97
21639,Slovenia,Greece,230218.851
21648,Slovenia,Hungary,1329020.29
21653,Slovenia,Ireland,55510.941
21654,Slovenia,Israel,286172.827
21655,Slovenia,Italy,3454732.594
21667,Slovenia,Latvia,51957.687
21670,Slovenia,Lithuania,107967.113
21671,Slovenia,Luxembourg,26929.522
21678,Slovenia,Malta,26391.462
21686,Slovenia,Morocco,56800.967
21701,Slovenia,Norway,120873.851
21709,Slovenia,Poland,990769.73
21710,Slovenia,Portugal,124570.435
21713,Slovenia,Romania,568241.192
21729,Slovenia,Slovakia,634897.238
21734,Slovenia,Spain,685974.516
21738,Slovenia,Sweden,413351.75299999997
21739,Slovenia,Switzerland,562645.795
21747,Slovenia,Turkey,389305.716
21751,Slovenia,Ukraine,162386.506
21754,Slovenia,United Kingdom,651728.906
22133,Spain,Andorra,945668.709
22138,Spain,Australia,1974152.913
22139,Spain,Austria,2789478.564
22145,Spain,Belgium,8566539.668
22157,Spain,Bulgaria,1795923.923
22177,Spain,Croatia,526501.874
22179,Spain,Cyprus,284134.097
22182,Spain,Denmark,1700969.202
22190,Spain,Estonia,274473.543
22193,Spain,Finland,1187188.046
22194,Spain,France,43700626.514
22202,Spain,Germany,34607516.778
22206,Spain,Greece,2320064.869
22216,Spain,Hungary,1848983.705
22221,Spain,Ireland,1743099.0050000001
22222,Spain,Israel,1839399.854
22223,Spain,Italy,23002841.45
22237,Spain,Latvia,253494.891
22240,Spain,Lithuania,616650.472
22241,Spain,Luxembourg,367009.942
22248,Spain,Malta,464550.941
22257,Spain,Morocco,8724624.109
22275,Spain,Norway,1617705.342
22286,Spain,Poland,6035294.793
22287,Spain,Portugal,24809121.642
22291,Spain,Romania,2291491.7
22310,Spain,Slovakia,1333603.697
22312,Spain,Slovenia,739149.422
22320,Spain,Sweden,2324923.808
22321,Spain,Switzerland,5166307.301
22330,Spain,Turkey,6576706.09
22335,Spain,Ukraine,438586.559
22338,Spain,United Kingdom,21387058.002
22709,Sweden,Andorra,1558.427
22714,Sweden,Australia,1792150.7380000001
22715,Sweden,Austria,1553567.943
22721,Sweden,Belgium,6864967.338
22733,Sweden,Bulgaria,212450.709
22754,Sweden,Croatia,151621.67799999999
22756,Sweden,Cyprus,47004.068
22759,Sweden,Denmark,10697668.664
22767,Sweden,Estonia,1144763.741
22770,Sweden,Finland,9229157.016
22771,Sweden,France,6662731.128
22779,Sweden,Germany,16276471.355
22783,Sweden,Greece,480970.941
22793,Sweden,Hungary,818991.699
22798,Sweden,Ireland,730677.901
22799,Sweden,Israel,729053.218
22800,Sweden,Italy,4174578.984
22814,Sweden,Latvia,501669.86699999997
22817,Sweden,Lithuania,1151615.213
22818,Sweden,Luxembourg,172329.335
22825,Sweden,Malta,26410.986
22834,Sweden,Morocco,503319.521
22851,Sweden,Norway,11550792.83
22863,Sweden,Poland,4525806.305
22864,Sweden,Portugal,768995.319
22868,Sweden,Romania,443617.69
22886,Sweden,Slovakia,460599.612
22888,Sweden,Slovenia,256864.463
22892,Sweden,Spain,2873799.276
22897,Sweden,Switzerland,1624817.121
22907,Sweden,Turkey,1808897.42
22911,Sweden,Ukraine,381046.559
22914,Sweden,United Kingdom,9220202.339
22929,Switzerland,Andorra,23586.841
22934,Switzerland,Australia,2551280.754
22935,Switzerland,Austria,8408922.945
22941,Switzerland,Belgium,6504871.385
22952,Switzerland,Bulgaria,277174.435
22973,Switzerland,Croatia,206951.368
22975,Switzerland,Cyprus,54592.553
22978,Switzerland,Denmark,876546.925
22986,Switzerland,Estonia,175122.503
22989,Switzerland,Finland,968299.868
22990,Switzerland,France,16827289.544
22998,Switzerland,Germany,45967702.2
23002,Switzerland,Greece,591032.461
23012,Switzerland,Hungary,910098.114
23017,Switzerland,Ireland,921196.168
23018,Switzerland,Israel,4775982.1450000005
23019,Switzerland,Italy,14232581.521
23033,Switzerland,Latvia,133034.286
23036,Switzerland,Lithuania,110147.385
23037,Switzerland,Luxembourg,556010.873
23044,Switzerland,Malta,47476.958
23053,Switzerland,Morocco,355742.73
23071,Switzerland,Norway,874423.803
23082,Switzerland,Poland,2149853.882
23083,Switzerland,Portugal,585878.458
23087,Switzerland,Romania,607985.023
23106,Switzerland,Slovakia,587764.28
23108,Switzerland,Slovenia,706200.971
23112,Switzerland,Spain,5208317.341
23117,Switzerland,Sweden,1353638.742
23125,Switzerland,Turkey,6397561.814
23130,Switzerland,Ukraine,303723.751
23133,Switzerland,United Kingdom,14154976.756
23992,Turkey,Andorra,4745.928
23997,Turkey,Australia,669752.912
23998,Turkey,Austria,1286214.023
24004,Turkey,Belgium,3420929.03
24016,Turkey,Bulgaria,2603957.676
24036,Turkey,Croatia,342657.868
24038,Turkey,Cyprus,1069958.428
24041,Turkey,Denmark,1103138.124
24049,Turkey,Estonia,193594.521
24051,Turkey,Finland,345292.268
24052,Turkey,France,7377364.444
24060,Turkey,Germany,16975990.732
24064,Turkey,Greece,1752646.4
24074,Turkey,Hungary,1263971.025
24079,Turkey,Ireland,591928.965
24080,Turkey,Israel,3618357.792
24081,Turkey,Italy,9100723.202
24095,Turkey,Latvia,125381.789
24098,Turkey,Lithuania,296908.071
24099,Turkey,Luxembourg,78386.837
24106,Turkey,Malta,549572.29
24114,Turkey,Morocco,1930185.211
24128,Turkey,Norway,710056.45
24139,Turkey,Poland,3538789.378
24140,Turkey,Portugal,839284.779
24144,Turkey,Romania,3452276.787
24160,Turkey,Slovakia,467827.81
24162,Turkey,Slovenia,1191729.896
24166,Turkey,Spain,6868286.024
24171,Turkey,Sweden,1477531.444
24172,Turkey,Switzerland,1183770.808
24185,Turkey,Ukraine,1460729.86
24188,Turkey,United Kingdom,10744791.084
24475,Ukraine,Andorra,451.224
24476,Ukraine,Australia,25706.499
24477,Ukraine,Austria,307230.686
24480,Ukraine,Belgium,367877.36000000004
24486,Ukraine,Bulgaria,487876.74700000003
24496,Ukraine,Croatia,25578.173
24497,Ukraine,Cyprus,43274.832
24499,Ukraine,Denmark,141223.767
24503,Ukraine,Estonia,117555.64
24505,Ukraine,Finland,69907.05900000001
24506,Ukraine,France,549953.042
24508,Ukraine,Germany,2453024.7770000002
24509,Ukraine,Greece,193862.043
24514,Ukraine,Hungary,1744294.221
24518,Ukraine,Ireland,50484.108
24519,Ukraine,Israel,108143.08899999999
24520,Ukraine,Italy,2595099.247
24530,Ukraine,Latvia,166033.593
24531,Ukraine,Lithuania,259426.253
24532,Ukraine,Luxembourg,45457.682
24536,Ukraine,Malta,51665.542
24541,Ukraine,Morocco,331034.868
24547,Ukraine,Norway,59698.352999999996
24552,Ukraine,Poland,2288349.212
24553,Ukraine,Portugal,252949.195
24554,Ukraine,Romania,871465.757
24558,Ukraine,Slovakia,658435.434
24559,Ukraine,Slovenia,45592.766
24561,Ukraine,Spain,1356946.963
24564,Ukraine,Sweden,83347.72
24565,Ukraine,Switzerland,175957.757
24567,Ukraine,Turkey,2630502.414
24569,Ukraine,United Kingdom,461266.341
24791,United Kingdom,Andorra,18296.624
24796,United Kingdom,Australia,5508411.221
24797,United Kingdom,Austria,2630109.662
24803,United Kingdom,Belgium,17008457.234
24815,United Kingdom,Bulgaria,524674.85
24837,United Kingdom,Croatia,306019.515
24839,United Kingdom,Cyprus,567188.4029999999
24842,United Kingdom,Denmark,3634030.377
24850,United Kingdom,Estonia,470353.652
24853,United Kingdom,Finland,1856547.355
24854,United Kingdom,France,27178409.641
24862,United Kingdom,Germany,40042778.084
24866,United Kingdom,Greece,1295926.004
24876,United Kingdom,Hungary,1924593.474
24881,United Kingdom,Ireland,23942681.67
24882,United Kingdom,Israel,3404083.285
24883,United Kingdom,Italy,12857932.564
24897,United Kingdom,Latvia,347611.35599999997
24900,United Kingdom,Lithuania,903633.485
24901,United Kingdom,Luxembourg,425772.746
24908,United Kingdom,Malta,551643.117
24917,United Kingdom,Morocco,1103520.383
24936,United Kingdom,Norway,3964691.42
24948,United Kingdom,Poland,6089083.308
24949,United Kingdom,Portugal,2110451.353
24953,United Kingdom,Romania,1812949.442
24971,United Kingdom,Slovakia,1032626.678
24973,United Kingdom,Slovenia,465228.038
24977,United Kingdom,Spain,13503729.679
24982,United Kingdom,Sweden,7112352.966
24983,United Kingdom,Switzerland,19347708.629
24992,United Kingdom,Turkey,8412164.28
24997,United Kingdom,Ukraine,518248.088
